{"cameraMode":{"drawMode":0,"name":"Shaded","section":"Shading Mode"},"sceneLighting":true,"audioPlay":false,"sceneViewState":{"m_AlwaysRefresh":false,"showFog":true,"showSkybox":false,"showFlares":true,"showImageEffects":true,"showParticleSystems":true,"showVisualEffectGraphs":true,"m_FxEnabled":true},"in2DMode":false,"pivot":{"x":-0.47761011123657229,"y":4.078999996185303,"z":-0.7728018760681152},"rotation":{"x":0.007687980774790049,"y":-0.9908881187438965,"z":0.06399683654308319,"w":0.11850593984127045},"size":9.95907211303711,"orthographic":false}