{"cameraMode":{"drawMode":0,"name":"Shaded","section":"Shading Mode"},"sceneLighting":true,"audioPlay":false,"sceneViewState":{"m_AlwaysRefresh":false,"showFog":true,"showSkybox":false,"showFlares":true,"showImageEffects":true,"showParticleSystems":true,"showVisualEffectGraphs":true,"m_FxEnabled":true},"in2DMode":false,"pivot":{"x":-3.9194722175598146,"y":4.046999931335449,"z":9.931933403015137},"rotation":{"x":0.0017682607285678387,"y":0.9981057643890381,"z":-0.05094802752137184,"w":0.03476272150874138},"size":7.838728427886963,"orthographic":false}