{"cameraMode":{"drawMode":0,"name":"Shaded","section":"Shading Mode"},"sceneLighting":false,"audioPlay":false,"sceneViewState":{"m_AlwaysRefresh":false,"showFog":true,"showSkybox":false,"showFlares":true,"showImageEffects":true,"showParticleSystems":true,"showVisualEffectGraphs":true,"m_FxEnabled":true},"in2DMode":false,"pivot":{"x":4.357441425323486,"y":0.6436748504638672,"z":12.533568382263184},"rotation":{"x":0.21729080379009248,"y":0.7031036615371704,"z":-0.24154092371463777,"w":0.6325365304946899},"size":22.390113830566408,"orthographic":false}