{"cameraMode":{"drawMode":0,"name":"Shaded","section":"Shading Mode"},"sceneLighting":false,"audioPlay":false,"sceneViewState":{"m_AlwaysRefresh":false,"showFog":true,"showSkybox":false,"showFlares":true,"showImageEffects":true,"showParticleSystems":true,"showVisualEffectGraphs":true,"m_FxEnabled":true},"in2DMode":false,"pivot":{"x":0.9915648698806763,"y":0.9076070189476013,"z":-0.15691927075386048},"rotation":{"x":-0.19558288156986237,"y":-0.6256625056266785,"z":0.16610591113567353,"w":-0.7366992235183716},"size":6.572259426116943,"orthographic":false}