{"cameraMode":{"drawMode":0,"name":"Shaded","section":"Shading Mode"},"sceneLighting":true,"audioPlay":false,"sceneViewState":{"m_AlwaysRefresh":false,"showFog":true,"showSkybox":false,"showFlares":true,"showImageEffects":true,"showParticleSystems":true,"showVisualEffectGraphs":true,"m_FxEnabled":true},"in2DMode":false,"pivot":{"x":0.7373603582382202,"y":4.067494869232178,"z":1.1716539859771729},"rotation":{"x":-0.032843153923749927,"y":0.09578269720077515,"z":0.0031598019413650038,"w":0.9948654174804688},"size":6.127684116363525,"orthographic":false}