{"cameraMode":{"drawMode":0,"name":"Shaded","section":"Shading Mode"},"sceneLighting":false,"audioPlay":false,"sceneViewState":{"m_AlwaysRefresh":false,"showFog":true,"showSkybox":false,"showFlares":true,"showImageEffects":true,"showParticleSystems":true,"showVisualEffectGraphs":true,"m_FxEnabled":true},"in2DMode":false,"pivot":{"x":-0.2000897079706192,"y":0.3697386384010315,"z":0.5965326428413391},"rotation":{"x":-0.10676480829715729,"y":0.4816964864730835,"z":-0.05923372879624367,"w":-0.8678154945373535},"size":1.5288358926773072,"orthographic":false}