{"cameraMode":{"drawMode":0,"name":"Shaded","section":"Shading Mode"},"sceneLighting":true,"audioPlay":false,"sceneViewState":{"m_AlwaysRefresh":false,"showFog":true,"showSkybox":false,"showFlares":true,"showImageEffects":true,"showParticleSystems":true,"showVisualEffectGraphs":true,"m_FxEnabled":true},"in2DMode":false,"pivot":{"x":-0.9797595739364624,"y":4.833747863769531,"z":-0.09426164627075196},"rotation":{"x":-0.023579735308885576,"y":0.9749597311019898,"z":-0.12646690011024476,"w":-0.1815674901008606},"size":10.203706741333008,"orthographic":false}