{"cameraMode":{"drawMode":0,"name":"Shaded","section":"Shading Mode"},"sceneLighting":true,"audioPlay":false,"sceneViewState":{"m_AlwaysRefresh":false,"showFog":true,"showSkybox":false,"showFlares":true,"showImageEffects":true,"showParticleSystems":true,"showVisualEffectGraphs":true,"m_FxEnabled":true},"in2DMode":false,"pivot":{"x":2.536707639694214,"y":1.2809358835220338,"z":11.89736557006836},"rotation":{"x":0.0014616022817790509,"y":-0.24172046780586244,"z":-0.00033823211560957134,"w":-0.9703672528266907},"size":7.185930252075195,"orthographic":false}