{"cameraMode":{"drawMode":0,"name":"Shaded","section":"Shading Mode"},"sceneLighting":true,"audioPlay":false,"sceneViewState":{"m_AlwaysRefresh":false,"showFog":true,"showSkybox":false,"showFlares":true,"showImageEffects":true,"showParticleSystems":true,"showVisualEffectGraphs":true,"m_FxEnabled":true},"in2DMode":false,"pivot":{"x":0.6146971583366394,"y":0.22161076962947846,"z":-0.07573148608207703},"rotation":{"x":-0.26818209886550906,"y":0.2730487287044525,"z":-0.07952245324850083,"w":-0.9204578995704651},"size":7.651244163513184,"orthographic":false}