{"cameraMode":{"drawMode":0,"name":"Shaded","section":"Shading Mode"},"sceneLighting":true,"audioPlay":false,"sceneViewState":{"m_AlwaysRefresh":false,"showFog":true,"showSkybox":false,"showFlares":true,"showImageEffects":true,"showParticleSystems":true,"showVisualEffectGraphs":true,"m_FxEnabled":true},"in2DMode":false,"pivot":{"x":1.5645103454589844,"y":4.0804667472839359,"z":-0.3010672330856323},"rotation":{"x":-0.03766575828194618,"y":-0.9041977524757385,"z":0.08160775899887085,"w":-0.4176025986671448},"size":7.187173366546631,"orthographic":false}