{"cameraMode":{"drawMode":0,"name":"Shaded","section":"Shading Mode"},"sceneLighting":true,"audioPlay":false,"sceneViewState":{"m_AlwaysRefresh":false,"showFog":true,"showSkybox":false,"showFlares":true,"showImageEffects":true,"showParticleSystems":true,"showVisualEffectGraphs":true,"m_FxEnabled":true},"in2DMode":false,"pivot":{"x":-0.47761011123657229,"y":4.078999996185303,"z":-0.7728018760681152},"rotation":{"x":-0.11679104715585709,"y":-0.1539195030927658,"z":0.018360743299126626,"w":-0.9810081720352173},"size":8.918218612670899,"orthographic":false}