{"cameraMode":{"drawMode":0,"name":"Shaded","section":"Shading Mode"},"sceneLighting":false,"audioPlay":false,"sceneViewState":{"m_AlwaysRefresh":false,"showFog":true,"showSkybox":false,"showFlares":true,"showImageEffects":true,"showParticleSystems":true,"showVisualEffectGraphs":true,"m_FxEnabled":true},"in2DMode":false,"pivot":{"x":0.06000041961669922,"y":2.905000925064087,"z":-0.13500022888183595},"rotation":{"x":0.17164726555347444,"y":-0.0014678778825327755,"z":-0.00025484751677140594,"w":-0.9851654767990112},"size":5.909049034118652,"orthographic":false}