{"cameraMode":{"drawMode":0,"name":"Shaded","section":"Shading Mode"},"sceneLighting":false,"audioPlay":false,"sceneViewState":{"m_AlwaysRefresh":false,"showFog":true,"showSkybox":false,"showFlares":true,"showImageEffects":true,"showParticleSystems":true,"showVisualEffectGraphs":true,"m_FxEnabled":true},"in2DMode":false,"pivot":{"x":0.07499945163726807,"y":2.905000925064087,"z":-0.10000014305114746},"rotation":{"x":-0.06118543818593025,"y":-0.8870552182197571,"z":0.12320733070373535,"w":-0.44073373079299929},"size":5.914901256561279,"orthographic":false}