{"cameraMode":{"drawMode":0,"name":"Shaded","section":"Shading Mode"},"sceneLighting":true,"audioPlay":false,"sceneViewState":{"m_AlwaysRefresh":false,"showFog":true,"showSkybox":false,"showFlares":true,"showImageEffects":true,"showParticleSystems":true,"showVisualEffectGraphs":true,"m_FxEnabled":true},"in2DMode":false,"pivot":{"x":-2.1072864532470705,"y":3.259999990463257,"z":-0.8500000238418579},"rotation":{"x":-0.18994054198265077,"y":0.7949660420417786,"z":0.48466625809669497,"w":0.31154122948646548},"size":1.0009398460388184,"orthographic":false}