{"cameraMode":{"drawMode":0,"name":"Shaded","section":"Shading Mode"},"sceneLighting":true,"audioPlay":false,"sceneViewState":{"m_AlwaysRefresh":false,"showFog":true,"showSkybox":false,"showFlares":true,"showImageEffects":true,"showParticleSystems":true,"showVisualEffectGraphs":true,"m_FxEnabled":true},"in2DMode":false,"pivot":{"x":-0.8877068758010864,"y":4.9022932052612309,"z":-1.1716703176498414},"rotation":{"x":-0.07950711250305176,"y":0.5913800597190857,"z":-0.05872027575969696,"w":-0.8003402352333069},"size":16.762157440185548,"orthographic":false}