{"cameraMode":{"drawMode":0,"name":"Shaded","section":"Shading Mode"},"sceneLighting":true,"audioPlay":false,"sceneViewState":{"m_AlwaysRefresh":false,"showFog":true,"showSkybox":false,"showFlares":true,"showImageEffects":true,"showParticleSystems":true,"showVisualEffectGraphs":true,"m_FxEnabled":true},"in2DMode":false,"pivot":{"x":-1.4465047121047974,"y":4.609665393829346,"z":-1.0067771673202515},"rotation":{"x":-0.004694897681474686,"y":-0.990311324596405,"z":0.13451166450977326,"w":-0.03484008461236954},"size":11.013035774230957,"orthographic":false}