{"cameraMode":{"drawMode":0,"name":"Shaded","section":"Shading Mode"},"sceneLighting":true,"audioPlay":false,"sceneViewState":{"m_AlwaysRefresh":false,"showFog":true,"showSkybox":false,"showFlares":true,"showImageEffects":true,"showParticleSystems":true,"showVisualEffectGraphs":true,"m_FxEnabled":true},"in2DMode":false,"pivot":{"x":-1.987269639968872,"y":4.997082710266113,"z":19.297452926635743},"rotation":{"x":0.029862411320209504,"y":0.0942990630865097,"z":-0.0028275814838707449,"w":0.9951028227806091},"size":8.174591064453125,"orthographic":false}